"keywords",
Agreement
Araghchi
Deal bribing
Deal
Deputy FM
Fm araghchi
Fm Zarif,
Geneva,
Geneva NuclearTalks,
Iran DepFM,
Iran deputy,
Iran FM,
Iran nuclear,
Iran talks,
Irandeal,
Irantalks,
Irantalks Iran,
Irantalks irandeal,
Irantalks irantalksgeneva,
Irantalks Irantalkslausanne,
Irantalks irantalksvienna,
Irantalks nucleartalks,
Irantalks putin,
IrantalksGeneva Putin,
Irantalkslausanne nuclear talks,
Irantalksvienna,
Irantalksvienna irandeal,
Irantalksvienna nucleartalks,
JCPOA,
JCPOA irandeal,
Kerry,
Lausanne,
Lausanne Irantalks,
Lausanne nucleartalks,
Moniz,
Montreaux,
Negotiation,
Nuclear talks,
Nuclear talks playboy,
Nucleartalks,
NuclearTalks btw,
Nucleartalks iran,
Nucleartalks irantalks,
NuclearTalks Saudi,
Salehi,
Salehi moniz,
Vienna,
Vienna irantalks,
Zarif,
Zarif Kerry,
